Ecklonia_Tasmania201006_0.jpg,1
Ecklonia_Tasmania201006_1.jpg,1
Ecklonia_Tasmania201006_2.jpg,1
Ecklonia_Tasmania201006_3.jpg,1
Ecklonia_Tasmania201006_4.jpg,1
Ecklonia_Tasmania201006_5.jpg,1
Ecklonia_Tasmania201006_6.jpg,1
Ecklonia_Tasmania201006_7.jpg,1
Others_Tasmania201006_8.jpg,0
Others_Tasmania201006_9.jpg,0
Ecklonia_Tasmania201006_10.jpg,1
Ecklonia_Tasmania201006_11.jpg,1
Others_Tasmania201006_12.jpg,0
Others_Tasmania201006_13.jpg,0
Others_Tasmania201006_14.jpg,0
Ecklonia_Tasmania201006_15.jpg,1
Ecklonia_Tasmania201006_16.jpg,1
Others_Tasmania201006_17.jpg,0
Others_Tasmania201006_18.jpg,0
Others_Tasmania201006_19.jpg,0
Others_Tasmania201006_20.jpg,0
Ecklonia_Tasmania201006_21.jpg,1
Ecklonia_Tasmania201006_22.jpg,1
Ecklonia_Tasmania201006_23.jpg,1
Ecklonia_Tasmania201006_24.jpg,1
Others_Tasmania201006_25.jpg,0
Ecklonia_Tasmania201006_26.jpg,1
Others_Tasmania201006_27.jpg,0
Others_Tasmania201006_28.jpg,0
Others_Tasmania201006_29.jpg,0
Ecklonia_Tasmania201006_30.jpg,1
Others_Tasmania201006_31.jpg,0
Ecklonia_Tasmania201006_32.jpg,1
Ecklonia_Tasmania201006_33.jpg,1
Ecklonia_Tasmania201006_34.jpg,1
Ecklonia_Tasmania201006_35.jpg,1
Others_Tasmania201006_36.jpg,0
Ecklonia_Tasmania201006_37.jpg,1
Ecklonia_Tasmania201006_38.jpg,1
Others_Tasmania201006_39.jpg,0
Others_Tasmania201006_40.jpg,0
Others_Tasmania201006_41.jpg,0
Others_Tasmania201006_42.jpg,0
Others_Tasmania201006_43.jpg,0
Others_Tasmania201006_44.jpg,0
Others_Tasmania201006_45.jpg,0
Ecklonia_Tasmania201006_46.jpg,1
Others_Tasmania201006_47.jpg,0
Others_Tasmania201006_48.jpg,0
Others_Tasmania201006_49.jpg,0
Others_Tasmania201006_50.jpg,0
Others_Tasmania201006_51.jpg,0
Others_Tasmania201006_52.jpg,0
Others_Tasmania201006_53.jpg,0
Others_Tasmania201006_54.jpg,0
Ecklonia_Tasmania201006_55.jpg,1
Ecklonia_Tasmania201006_56.jpg,1
Others_Tasmania201006_57.jpg,0
Others_Tasmania201006_58.jpg,0
Others_Tasmania201006_59.jpg,0
Others_Tasmania201006_60.jpg,0
Others_Tasmania201006_61.jpg,0
Others_Tasmania201006_62.jpg,0
Others_Tasmania201006_63.jpg,0
Others_Tasmania201006_64.jpg,0
Others_Tasmania201006_65.jpg,0
Others_Tasmania201006_66.jpg,0
Others_Tasmania201006_67.jpg,0
Ecklonia_Tasmania201006_68.jpg,1
Ecklonia_Tasmania201006_69.jpg,1
Ecklonia_Tasmania201006_70.jpg,1
Ecklonia_Tasmania201006_71.jpg,1
Ecklonia_Tasmania201006_72.jpg,1
Ecklonia_Tasmania201006_73.jpg,1
Ecklonia_Tasmania201006_74.jpg,1
Ecklonia_Tasmania201006_75.jpg,1
Ecklonia_Tasmania201006_76.jpg,1
Ecklonia_Tasmania201006_77.jpg,1
Ecklonia_Tasmania201006_78.jpg,1
Others_Tasmania201006_79.jpg,0
Others_Tasmania201006_80.jpg,0
Others_Tasmania201006_81.jpg,0
Others_Tasmania201006_82.jpg,0
Others_Tasmania201006_83.jpg,0
Others_Tasmania201006_84.jpg,0
Others_Tasmania201006_85.jpg,0
Others_Tasmania201006_86.jpg,0
Ecklonia_Tasmania201006_87.jpg,1
Others_Tasmania201006_88.jpg,0
Others_Tasmania201006_89.jpg,0
Ecklonia_Tasmania201006_90.jpg,1
Others_Tasmania201006_91.jpg,0
Ecklonia_Tasmania201006_92.jpg,1
Others_Tasmania201006_93.jpg,0
Others_Tasmania201006_94.jpg,0
Others_Tasmania201006_95.jpg,0
Others_Tasmania201006_96.jpg,0
Others_Tasmania201006_97.jpg,0
Others_Tasmania201006_98.jpg,0
Others_Tasmania201006_99.jpg,0
Ecklonia_Tasmania201006_100.jpg,1
Ecklonia_Tasmania201006_101.jpg,1
Ecklonia_Tasmania201006_102.jpg,1
Ecklonia_Tasmania201006_103.jpg,1
Ecklonia_Tasmania201006_104.jpg,1
Ecklonia_Tasmania201006_105.jpg,1
Ecklonia_Tasmania201006_106.jpg,1
Ecklonia_Tasmania201006_107.jpg,1
Ecklonia_Tasmania201006_108.jpg,1
Ecklonia_Tasmania201006_109.jpg,1
Ecklonia_Tasmania201006_110.jpg,1
Ecklonia_Tasmania201006_111.jpg,1
Ecklonia_Tasmania201006_112.jpg,1
Ecklonia_Tasmania201006_113.jpg,1
Others_Tasmania201006_114.jpg,0
Others_Tasmania201006_115.jpg,0
Others_Tasmania201006_116.jpg,0
Others_Tasmania201006_117.jpg,0
Others_Tasmania201006_118.jpg,0
Others_Tasmania201006_119.jpg,0
Others_Tasmania201006_120.jpg,0
Others_Tasmania201006_121.jpg,0
Others_Tasmania201006_122.jpg,0
Others_Tasmania201006_123.jpg,0
Others_Tasmania201006_124.jpg,0
Others_Tasmania201006_125.jpg,0
Others_Tasmania201006_126.jpg,0
Others_Tasmania201006_127.jpg,0
Others_Tasmania201006_128.jpg,0
Others_Tasmania201006_129.jpg,0
Others_Tasmania201006_130.jpg,0
Others_Tasmania201006_131.jpg,0
Others_Tasmania201006_132.jpg,0
Others_Tasmania201006_133.jpg,0
Others_Tasmania201006_134.jpg,0
Ecklonia_Tasmania201006_135.jpg,1
Others_Tasmania201006_136.jpg,0
Others_Tasmania201006_137.jpg,0
Others_Tasmania201006_138.jpg,0
Others_Tasmania201006_139.jpg,0
Others_Tasmania201006_140.jpg,0
Others_Tasmania201006_141.jpg,0
Others_Tasmania201006_142.jpg,0
Others_Tasmania201006_143.jpg,0
Others_Tasmania201006_144.jpg,0
Others_Tasmania201006_145.jpg,0
Others_Tasmania201006_146.jpg,0
Others_Tasmania201006_147.jpg,0
Others_Tasmania201006_148.jpg,0
Others_Tasmania201006_149.jpg,0
Others_Tasmania201006_150.jpg,0
Others_Tasmania201006_151.jpg,0
Others_Tasmania201006_152.jpg,0
Others_Tasmania201006_153.jpg,0
Others_Tasmania201006_154.jpg,0
Others_Tasmania201006_155.jpg,0
Others_Tasmania201006_156.jpg,0
Others_Tasmania201006_157.jpg,0
Others_Tasmania201006_158.jpg,0
Ecklonia_Tasmania201006_159.jpg,1
Ecklonia_Tasmania201006_160.jpg,1
Ecklonia_Tasmania201006_161.jpg,1
Ecklonia_Tasmania201006_162.jpg,1
Ecklonia_Tasmania201006_163.jpg,1
Ecklonia_Tasmania201006_164.jpg,1
Ecklonia_Tasmania201006_165.jpg,1
Ecklonia_Tasmania201006_166.jpg,1
Ecklonia_Tasmania201006_167.jpg,1
Ecklonia_Tasmania201006_168.jpg,1
Others_Tasmania201006_169.jpg,0
Others_Tasmania201006_170.jpg,0
Others_Tasmania201006_171.jpg,0
Others_Tasmania201006_172.jpg,0
Others_Tasmania201006_173.jpg,0
Others_Tasmania201006_174.jpg,0
Others_Tasmania201006_175.jpg,0
Others_Tasmania201006_176.jpg,0
Others_Tasmania201006_177.jpg,0
Others_Tasmania201006_178.jpg,0
Others_Tasmania201006_179.jpg,0
Others_Tasmania201006_180.jpg,0
Others_Tasmania201006_181.jpg,0
Others_Tasmania201006_182.jpg,0
Others_Tasmania201006_183.jpg,0
Others_Tasmania201006_184.jpg,0
Others_Tasmania201006_185.jpg,0
Others_Tasmania201006_186.jpg,0
Others_Tasmania201006_187.jpg,0
Others_Tasmania201006_188.jpg,0
Others_Tasmania201006_189.jpg,0
Others_Tasmania201006_190.jpg,0
Others_Tasmania201006_191.jpg,0
Others_Tasmania201006_192.jpg,0
Others_Tasmania201006_193.jpg,0
Others_Tasmania201006_194.jpg,0
Others_Tasmania201006_195.jpg,0
Others_Tasmania201006_196.jpg,0
Others_Tasmania201006_197.jpg,0
Others_Tasmania201006_198.jpg,0
Others_Tasmania201006_199.jpg,0
Others_Tasmania201006_200.jpg,0
Others_Tasmania201006_201.jpg,0
Others_Tasmania201006_202.jpg,0
Others_Tasmania201006_203.jpg,0
Others_Tasmania201006_204.jpg,0
Others_Tasmania201006_205.jpg,0
Ecklonia_Tasmania201006_206.jpg,1
Ecklonia_Tasmania201006_207.jpg,1
Ecklonia_Tasmania201006_208.jpg,1
Ecklonia_Tasmania201006_209.jpg,1
Ecklonia_Tasmania201006_210.jpg,1
Ecklonia_Tasmania201006_211.jpg,1
Ecklonia_Tasmania201006_212.jpg,1
Ecklonia_Tasmania201006_213.jpg,1
Ecklonia_Tasmania201006_214.jpg,1
Ecklonia_Tasmania201006_215.jpg,1
Ecklonia_Tasmania201006_216.jpg,1
Ecklonia_Tasmania201006_217.jpg,1
Ecklonia_Tasmania201006_218.jpg,1
Ecklonia_Tasmania201006_219.jpg,1
Others_Tasmania201006_220.jpg,0
Ecklonia_Tasmania201006_221.jpg,1
Ecklonia_Tasmania201006_222.jpg,1
Ecklonia_Tasmania201006_223.jpg,1
Ecklonia_Tasmania201006_224.jpg,1
Others_Tasmania201006_225.jpg,0
Others_Tasmania201006_226.jpg,0
Others_Tasmania201006_227.jpg,0
Others_Tasmania201006_228.jpg,0
Others_Tasmania201006_229.jpg,0
Others_Tasmania201006_230.jpg,0
Others_Tasmania201006_231.jpg,0
Others_Tasmania201006_232.jpg,0
Others_Tasmania201006_233.jpg,0
Others_Tasmania201006_234.jpg,0
Others_Tasmania201006_235.jpg,0
Others_Tasmania201006_236.jpg,0
Others_Tasmania201006_237.jpg,0
Others_Tasmania201006_238.jpg,0
Others_Tasmania201006_239.jpg,0
Others_Tasmania201006_240.jpg,0
Others_Tasmania201006_241.jpg,0
Others_Tasmania201006_242.jpg,0
Others_Tasmania201006_243.jpg,0
Others_Tasmania201006_244.jpg,0
Others_Tasmania201006_245.jpg,0
Others_Tasmania201006_246.jpg,0
Others_Tasmania201006_247.jpg,0
Others_Tasmania201006_248.jpg,0
Others_Tasmania201006_249.jpg,0
Others_Tasmania201006_250.jpg,0
Others_Tasmania201006_251.jpg,0
Others_Tasmania201006_252.jpg,0
Others_Tasmania201006_253.jpg,0
Others_Tasmania201006_254.jpg,0
Others_Tasmania201006_255.jpg,0
Others_Tasmania201006_256.jpg,0
Others_Tasmania201006_257.jpg,0
Others_Tasmania201006_258.jpg,0
Others_Tasmania201006_259.jpg,0
Others_Tasmania201006_260.jpg,0
Others_Tasmania201006_261.jpg,0
Others_Tasmania201006_262.jpg,0
Others_Tasmania201006_263.jpg,0
Others_Tasmania201006_264.jpg,0
Others_Tasmania201006_265.jpg,0
Others_Tasmania201006_266.jpg,0
Others_Tasmania201006_267.jpg,0
Others_Tasmania201006_268.jpg,0
Others_Tasmania201006_269.jpg,0
Others_Tasmania201006_270.jpg,0
Others_Tasmania201006_271.jpg,0
Others_Tasmania201006_272.jpg,0
Others_Tasmania201006_273.jpg,0
Others_Tasmania201006_274.jpg,0
Others_Tasmania201006_275.jpg,0
Others_Tasmania201006_276.jpg,0
Others_Tasmania201006_277.jpg,0
Others_Tasmania201006_278.jpg,0
Others_Tasmania201006_279.jpg,0
Others_Tasmania201006_280.jpg,0
Others_Tasmania201006_281.jpg,0
Others_Tasmania201006_282.jpg,0
Others_Tasmania201006_283.jpg,0
Others_Tasmania201006_284.jpg,0
Others_Tasmania201006_285.jpg,0
Others_Tasmania201006_286.jpg,0
Others_Tasmania201006_287.jpg,0
Others_Tasmania201006_288.jpg,0
Others_Tasmania201006_289.jpg,0
Others_Tasmania201006_290.jpg,0
Others_Tasmania201006_291.jpg,0
Others_Tasmania201006_292.jpg,0
Others_Tasmania201006_293.jpg,0
Ecklonia_Tasmania201006_294.jpg,1
Ecklonia_Tasmania201006_295.jpg,1
Ecklonia_Tasmania201006_296.jpg,1
Ecklonia_Tasmania201006_297.jpg,1
Ecklonia_Tasmania201006_298.jpg,1
Ecklonia_Tasmania201006_299.jpg,1
Ecklonia_Tasmania201006_300.jpg,1
Ecklonia_Tasmania201006_301.jpg,1
Ecklonia_Tasmania201006_302.jpg,1
Ecklonia_Tasmania201006_303.jpg,1
Ecklonia_Tasmania201006_304.jpg,1
Ecklonia_Tasmania201006_305.jpg,1
Ecklonia_Tasmania201006_306.jpg,1
Ecklonia_Tasmania201006_307.jpg,1
Ecklonia_Tasmania201006_308.jpg,1
Ecklonia_Tasmania201006_309.jpg,1
Ecklonia_Tasmania201006_310.jpg,1
Ecklonia_Tasmania201006_311.jpg,1
Ecklonia_Tasmania201006_312.jpg,1
Ecklonia_Tasmania201006_313.jpg,1
Ecklonia_Tasmania201006_314.jpg,1
Others_Tasmania201006_315.jpg,0
Ecklonia_Tasmania201006_316.jpg,1
Ecklonia_Tasmania201006_317.jpg,1
Ecklonia_Tasmania201006_318.jpg,1
Ecklonia_Tasmania201006_319.jpg,1
Ecklonia_Tasmania201006_320.jpg,1
Others_Tasmania201006_321.jpg,0
Others_Tasmania201006_322.jpg,0
Others_Tasmania201006_323.jpg,0
Others_Tasmania201006_324.jpg,0
Others_Tasmania201006_325.jpg,0
Others_Tasmania201006_326.jpg,0
Others_Tasmania201006_327.jpg,0
Others_Tasmania201006_328.jpg,0
Others_Tasmania201006_329.jpg,0
Others_Tasmania201006_330.jpg,0
Others_Tasmania201006_331.jpg,0
Others_Tasmania201006_332.jpg,0
Others_Tasmania201006_333.jpg,0
Others_Tasmania201006_334.jpg,0
Others_Tasmania201006_335.jpg,0
Others_Tasmania201006_336.jpg,0
Others_Tasmania201006_337.jpg,0
Others_Tasmania201006_338.jpg,0
Others_Tasmania201006_339.jpg,0
Others_Tasmania201006_340.jpg,0
Others_Tasmania201006_341.jpg,0
Others_Tasmania201006_342.jpg,0
Others_Tasmania201006_343.jpg,0
Others_Tasmania201006_344.jpg,0
Others_Tasmania201006_345.jpg,0
Others_Tasmania201006_346.jpg,0
Others_Tasmania201006_347.jpg,0
Others_Tasmania201006_348.jpg,0
Ecklonia_Tasmania201006_349.jpg,1
Others_Tasmania201006_350.jpg,0
Others_Tasmania201006_351.jpg,0
Others_Tasmania201006_352.jpg,0
Others_Tasmania201006_353.jpg,0
Others_Tasmania201006_354.jpg,0
Others_Tasmania201006_355.jpg,0
Others_Tasmania201006_356.jpg,0
Others_Tasmania201006_357.jpg,0
Others_Tasmania201006_358.jpg,0
Others_Tasmania201006_359.jpg,0
Others_Tasmania201006_360.jpg,0
Others_Tasmania201006_361.jpg,0
Others_Tasmania201006_362.jpg,0
Others_Tasmania201006_363.jpg,0
Others_Tasmania201006_364.jpg,0
Others_Tasmania201006_365.jpg,0
Others_Tasmania201006_366.jpg,0
Others_Tasmania201006_367.jpg,0
Ecklonia_Tasmania201006_368.jpg,1
Ecklonia_Tasmania201006_369.jpg,1
Ecklonia_Tasmania201006_370.jpg,1
Others_Tasmania201006_371.jpg,0
Others_Tasmania201006_372.jpg,0
Others_Tasmania201006_373.jpg,0
Others_Tasmania201006_374.jpg,0
Others_Tasmania201006_375.jpg,0
Others_Tasmania201006_376.jpg,0
Others_Tasmania201006_377.jpg,0
Ecklonia_Tasmania201006_378.jpg,1
Ecklonia_Tasmania201006_379.jpg,1
Ecklonia_Tasmania201006_380.jpg,1
Ecklonia_Tasmania201006_381.jpg,1
Others_Tasmania201006_382.jpg,0
Ecklonia_Tasmania201006_383.jpg,1
Ecklonia_Tasmania201006_384.jpg,1
Ecklonia_Tasmania201006_385.jpg,1
Ecklonia_Tasmania201006_386.jpg,1
Ecklonia_Tasmania201006_387.jpg,1
Ecklonia_Tasmania201006_388.jpg,1
Others_Tasmania201006_389.jpg,0
Others_Tasmania201006_390.jpg,0
Others_Tasmania201006_391.jpg,0
Others_Tasmania201006_392.jpg,0
Others_Tasmania201006_393.jpg,0
Others_Tasmania201006_394.jpg,0
Others_Tasmania201006_395.jpg,0
Others_Tasmania201006_396.jpg,0
Others_Tasmania201006_397.jpg,0
Others_Tasmania201006_398.jpg,0
Others_Tasmania201006_399.jpg,0
Others_Tasmania201006_400.jpg,0
Others_Tasmania201006_401.jpg,0
Others_Tasmania201006_402.jpg,0
Others_Tasmania201006_403.jpg,0
Others_Tasmania201006_404.jpg,0
Others_Tasmania201006_405.jpg,0
Others_Tasmania201006_406.jpg,0
Others_Tasmania201006_407.jpg,0
Others_Tasmania201006_408.jpg,0
Others_Tasmania201006_409.jpg,0
Others_Tasmania201006_410.jpg,0
Others_Tasmania201006_411.jpg,0
Others_Tasmania201006_412.jpg,0
Others_Tasmania201006_413.jpg,0
Others_Tasmania201006_414.jpg,0
Others_Tasmania201006_415.jpg,0
Others_Tasmania201006_416.jpg,0
Others_Tasmania201006_417.jpg,0
Others_Tasmania201006_418.jpg,0
Others_Tasmania201006_419.jpg,0
Others_Tasmania201006_420.jpg,0
Others_Tasmania201006_421.jpg,0
Others_Tasmania201006_422.jpg,0
Others_Tasmania201006_423.jpg,0
Ecklonia_Tasmania201006_424.jpg,1
Others_Tasmania201006_425.jpg,0
Others_Tasmania201006_426.jpg,0
Others_Tasmania201006_427.jpg,0
Ecklonia_Tasmania201006_428.jpg,1
Others_Tasmania201006_429.jpg,0
Others_Tasmania201006_430.jpg,0
Others_Tasmania201006_431.jpg,0
Others_Tasmania201006_432.jpg,0
Others_Tasmania201006_433.jpg,0
Others_Tasmania201006_434.jpg,0
Others_Tasmania201006_435.jpg,0
Others_Tasmania201006_436.jpg,0
Others_Tasmania201006_437.jpg,0
Others_Tasmania201006_438.jpg,0
Others_Tasmania201006_439.jpg,0
Others_Tasmania201006_440.jpg,0
Others_Tasmania201006_441.jpg,0
Others_Tasmania201006_442.jpg,0
Others_Tasmania201006_443.jpg,0
Others_Tasmania201006_444.jpg,0
Others_Tasmania201006_445.jpg,0
Others_Tasmania201006_446.jpg,0
Others_Tasmania201006_447.jpg,0
Others_Tasmania201006_448.jpg,0
Others_Tasmania201006_449.jpg,0
Others_Tasmania201006_450.jpg,0
Others_Tasmania201006_451.jpg,0
Others_Tasmania201006_452.jpg,0
Others_Tasmania201006_453.jpg,0
Others_Tasmania201006_454.jpg,0
Others_Tasmania201006_455.jpg,0
Others_Tasmania201006_456.jpg,0
Others_Tasmania201006_457.jpg,0
Others_Tasmania201006_458.jpg,0
Others_Tasmania201006_459.jpg,0
Others_Tasmania201006_460.jpg,0
Others_Tasmania201006_461.jpg,0
Others_Tasmania201006_462.jpg,0
Ecklonia_Tasmania201006_463.jpg,1
Others_Tasmania201006_464.jpg,0
Others_Tasmania201006_465.jpg,0
Others_Tasmania201006_466.jpg,0
Others_Tasmania201006_467.jpg,0
Others_Tasmania201006_468.jpg,0
Others_Tasmania201006_469.jpg,0
Others_Tasmania201006_470.jpg,0
Ecklonia_Tasmania201006_471.jpg,1
Ecklonia_Tasmania201006_472.jpg,1
Ecklonia_Tasmania201006_473.jpg,1
Ecklonia_Tasmania201006_474.jpg,1
Ecklonia_Tasmania201006_475.jpg,1
Ecklonia_Tasmania201006_476.jpg,1
Ecklonia_Tasmania201006_477.jpg,1
Ecklonia_Tasmania201006_478.jpg,1
Ecklonia_Tasmania201006_479.jpg,1
Ecklonia_Tasmania201006_480.jpg,1
Others_Tasmania201006_481.jpg,0
Others_Tasmania201006_482.jpg,0
Others_Tasmania201006_483.jpg,0
Others_Tasmania201006_484.jpg,0
Others_Tasmania201006_485.jpg,0
Others_Tasmania201006_486.jpg,0
Others_Tasmania201006_487.jpg,0
Others_Tasmania201006_488.jpg,0
Others_Tasmania201006_489.jpg,0
Others_Tasmania201006_490.jpg,0
Others_Tasmania201006_491.jpg,0
Others_Tasmania201006_492.jpg,0
Others_Tasmania201006_493.jpg,0
Others_Tasmania201006_494.jpg,0
Others_Tasmania201006_495.jpg,0
Others_Tasmania201006_496.jpg,0
Others_Tasmania201006_497.jpg,0
Others_Tasmania201006_498.jpg,0
Others_Tasmania201006_499.jpg,0
Others_Tasmania201006_500.jpg,0
Ecklonia_Tasmania201006_501.jpg,1
Ecklonia_Tasmania201006_502.jpg,1
Ecklonia_Tasmania201006_503.jpg,1
Ecklonia_Tasmania201006_504.jpg,1
Ecklonia_Tasmania201006_505.jpg,1
Others_Tasmania201006_506.jpg,0
Others_Tasmania201006_507.jpg,0
Others_Tasmania201006_508.jpg,0
Others_Tasmania201006_509.jpg,0
Others_Tasmania201006_510.jpg,0
Others_Tasmania201006_511.jpg,0
Others_Tasmania201006_512.jpg,0
Others_Tasmania201006_513.jpg,0
Others_Tasmania201006_514.jpg,0
Others_Tasmania201006_515.jpg,0
Others_Tasmania201006_516.jpg,0
Others_Tasmania201006_517.jpg,0
Others_Tasmania201006_518.jpg,0
Others_Tasmania201006_519.jpg,0
Others_Tasmania201006_520.jpg,0
Others_Tasmania201006_521.jpg,0
Others_Tasmania201006_522.jpg,0
Others_Tasmania201006_523.jpg,0
Others_Tasmania201006_524.jpg,0
Others_Tasmania201006_525.jpg,0
Others_Tasmania201006_526.jpg,0
Others_Tasmania201006_527.jpg,0
Others_Tasmania201006_528.jpg,0
Others_Tasmania201006_529.jpg,0
Others_Tasmania201006_530.jpg,0
Others_Tasmania201006_531.jpg,0
Others_Tasmania201006_532.jpg,0
Ecklonia_Tasmania201006_533.jpg,1
Ecklonia_Tasmania201006_534.jpg,1
Ecklonia_Tasmania201006_535.jpg,1
Ecklonia_Tasmania201006_536.jpg,1
Ecklonia_Tasmania201006_537.jpg,1
Ecklonia_Tasmania201006_538.jpg,1
Ecklonia_Tasmania201006_539.jpg,1
Ecklonia_Tasmania201006_540.jpg,1
Ecklonia_Tasmania201006_541.jpg,1
Others_Tasmania201006_542.jpg,0
Others_Tasmania201006_543.jpg,0
Others_Tasmania201006_544.jpg,0
Others_Tasmania201006_545.jpg,0
Others_Tasmania201006_546.jpg,0
Others_Tasmania201006_547.jpg,0
Others_Tasmania201006_548.jpg,0
Others_Tasmania201006_549.jpg,0
Others_Tasmania201006_550.jpg,0
Others_Tasmania201006_551.jpg,0
Others_Tasmania201006_552.jpg,0
Others_Tasmania201006_553.jpg,0
Others_Tasmania201006_554.jpg,0
Others_Tasmania201006_555.jpg,0
Others_Tasmania201006_556.jpg,0
Others_Tasmania201006_557.jpg,0
Others_Tasmania201006_558.jpg,0
Others_Tasmania201006_559.jpg,0
Others_Tasmania201006_560.jpg,0
Others_Tasmania201006_561.jpg,0
Others_Tasmania201006_562.jpg,0
Others_Tasmania201006_563.jpg,0
Others_Tasmania201006_564.jpg,0
Others_Tasmania201006_565.jpg,0
Others_Tasmania201006_566.jpg,0
Others_Tasmania201006_567.jpg,0
Others_Tasmania201006_568.jpg,0
Others_Tasmania201006_569.jpg,0
Others_Tasmania201006_570.jpg,0
Others_Tasmania201006_571.jpg,0
Others_Tasmania201006_572.jpg,0
Others_Tasmania201006_573.jpg,0
Others_Tasmania201006_574.jpg,0
Others_Tasmania201006_575.jpg,0
Others_Tasmania201006_576.jpg,0
Others_Tasmania201006_577.jpg,0
Others_Tasmania201006_578.jpg,0
Others_Tasmania201006_579.jpg,0
Others_Tasmania201006_580.jpg,0
Others_Tasmania201006_581.jpg,0
Others_Tasmania201006_582.jpg,0
Others_Tasmania201006_583.jpg,0
Others_Tasmania201006_584.jpg,0
Others_Tasmania201006_585.jpg,0
Others_Tasmania201006_586.jpg,0
Others_Tasmania201006_587.jpg,0
Others_Tasmania201006_588.jpg,0
Others_Tasmania201006_589.jpg,0
Others_Tasmania201006_590.jpg,0
Others_Tasmania201006_591.jpg,0
Others_Tasmania201006_592.jpg,0
Others_Tasmania201006_593.jpg,0
Others_Tasmania201006_594.jpg,0
Others_Tasmania201006_595.jpg,0
Others_Tasmania201006_596.jpg,0
Others_Tasmania201006_597.jpg,0
Others_Tasmania201006_598.jpg,0
Others_Tasmania201006_599.jpg,0
Others_Tasmania201006_600.jpg,0
Others_Tasmania201006_601.jpg,0
Others_Tasmania201006_602.jpg,0
Ecklonia_Tasmania201006_603.jpg,1
Others_Tasmania201006_604.jpg,0
Others_Tasmania201006_605.jpg,0
Others_Tasmania201006_606.jpg,0
Others_Tasmania201006_607.jpg,0
Others_Tasmania201006_608.jpg,0
Others_Tasmania201006_609.jpg,0
Ecklonia_Tasmania201006_610.jpg,1
Ecklonia_Tasmania201006_611.jpg,1
Ecklonia_Tasmania201006_612.jpg,1
Others_Tasmania201006_613.jpg,0
Others_Tasmania201006_614.jpg,0
Others_Tasmania201006_615.jpg,0
Others_Tasmania201006_616.jpg,0
Others_Tasmania201006_617.jpg,0
Others_Tasmania201006_618.jpg,0
Others_Tasmania201006_619.jpg,0
Others_Tasmania201006_620.jpg,0
Ecklonia_Tasmania201006_621.jpg,1
Ecklonia_Tasmania201006_622.jpg,1
Ecklonia_Tasmania201006_623.jpg,1
Others_Tasmania201006_624.jpg,0
Ecklonia_Tasmania201006_625.jpg,1
Ecklonia_Tasmania201006_626.jpg,1
Ecklonia_Tasmania201006_627.jpg,1
Ecklonia_Tasmania201006_628.jpg,1
Others_Tasmania201006_629.jpg,0
Ecklonia_Tasmania201006_630.jpg,1
Others_Tasmania201006_631.jpg,0
Others_Tasmania201006_632.jpg,0
Others_Tasmania201006_633.jpg,0
Others_Tasmania201006_634.jpg,0
Others_Tasmania201006_635.jpg,0
Others_Tasmania201006_636.jpg,0
Others_Tasmania201006_637.jpg,0
Ecklonia_Tasmania201006_638.jpg,1
Others_Tasmania201006_639.jpg,0
Others_Tasmania201006_640.jpg,0
Others_Tasmania201006_641.jpg,0
Others_Tasmania201006_642.jpg,0
Others_Tasmania201006_643.jpg,0
Others_Tasmania201006_644.jpg,0
Ecklonia_Tasmania201006_645.jpg,1
Ecklonia_Tasmania201006_646.jpg,1
Ecklonia_Tasmania201006_647.jpg,1
Ecklonia_Tasmania201006_648.jpg,1
Ecklonia_Tasmania201006_649.jpg,1
Ecklonia_Tasmania201006_650.jpg,1
Ecklonia_Tasmania201006_651.jpg,1
Ecklonia_Tasmania201006_652.jpg,1
Ecklonia_Tasmania201006_653.jpg,1
Ecklonia_Tasmania201006_654.jpg,1
Ecklonia_Tasmania201006_655.jpg,1
Ecklonia_Tasmania201006_656.jpg,1
Ecklonia_Tasmania201006_657.jpg,1
Ecklonia_Tasmania201006_658.jpg,1
Ecklonia_Tasmania201006_659.jpg,1
Ecklonia_Tasmania201006_660.jpg,1
Others_Tasmania201006_661.jpg,0
Others_Tasmania201006_662.jpg,0
Others_Tasmania201006_663.jpg,0
Others_Tasmania201006_664.jpg,0
Others_Tasmania201006_665.jpg,0
Others_Tasmania201006_666.jpg,0
Others_Tasmania201006_667.jpg,0
Others_Tasmania201006_668.jpg,0
Others_Tasmania201006_669.jpg,0
Others_Tasmania201006_670.jpg,0
Others_Tasmania201006_671.jpg,0
Others_Tasmania201006_672.jpg,0
Others_Tasmania201006_673.jpg,0
Others_Tasmania201006_674.jpg,0
Others_Tasmania201006_675.jpg,0
Others_Tasmania201006_676.jpg,0
Others_Tasmania201006_677.jpg,0
Others_Tasmania201006_678.jpg,0
Others_Tasmania201006_679.jpg,0
Others_Tasmania201006_680.jpg,0
Others_Tasmania201006_681.jpg,0
Ecklonia_Tasmania201006_682.jpg,1
Others_Tasmania201006_683.jpg,0
Others_Tasmania201006_684.jpg,0
Others_Tasmania201006_685.jpg,0
Others_Tasmania201006_686.jpg,0
Others_Tasmania201006_687.jpg,0
Others_Tasmania201006_688.jpg,0
Others_Tasmania201006_689.jpg,0
Ecklonia_Tasmania201006_690.jpg,1
Ecklonia_Tasmania201006_691.jpg,1
Ecklonia_Tasmania201006_692.jpg,1
Others_Tasmania201006_693.jpg,0
Others_Tasmania201006_694.jpg,0
Others_Tasmania201006_695.jpg,0
Others_Tasmania201006_696.jpg,0
Others_Tasmania201006_697.jpg,0
Others_Tasmania201006_698.jpg,0
Others_Tasmania201006_699.jpg,0
Others_Tasmania201006_700.jpg,0
Others_Tasmania201006_701.jpg,0
Others_Tasmania201006_702.jpg,0
Others_Tasmania201006_703.jpg,0
Others_Tasmania201006_704.jpg,0
Others_Tasmania201006_705.jpg,0
Others_Tasmania201006_706.jpg,0
Others_Tasmania201006_707.jpg,0
Others_Tasmania201006_708.jpg,0
Others_Tasmania201006_709.jpg,0
Others_Tasmania201006_710.jpg,0
Others_Tasmania201006_711.jpg,0
Others_Tasmania201006_712.jpg,0
Others_Tasmania201006_713.jpg,0
Others_Tasmania201006_714.jpg,0
Others_Tasmania201006_715.jpg,0
Others_Tasmania201006_716.jpg,0
Ecklonia_Tasmania201006_717.jpg,1
Ecklonia_Tasmania201006_718.jpg,1
Others_Tasmania201006_719.jpg,0
Others_Tasmania201006_720.jpg,0
Others_Tasmania201006_721.jpg,0
Others_Tasmania201006_722.jpg,0
Others_Tasmania201006_723.jpg,0
Others_Tasmania201006_724.jpg,0
Others_Tasmania201006_725.jpg,0
Others_Tasmania201006_726.jpg,0
Others_Tasmania201006_727.jpg,0
Others_Tasmania201006_728.jpg,0
Others_Tasmania201006_729.jpg,0
Others_Tasmania201006_730.jpg,0
Others_Tasmania201006_731.jpg,0
Others_Tasmania201006_732.jpg,0
Others_Tasmania201006_733.jpg,0
Others_Tasmania201006_734.jpg,0
Others_Tasmania201006_735.jpg,0
Others_Tasmania201006_736.jpg,0
Others_Tasmania201006_737.jpg,0
Others_Tasmania201006_738.jpg,0
Others_Tasmania201006_739.jpg,0
Ecklonia_Tasmania201006_740.jpg,1
Ecklonia_Tasmania201006_741.jpg,1
Ecklonia_Tasmania201006_742.jpg,1
Ecklonia_Tasmania201006_743.jpg,1
Ecklonia_Tasmania201006_744.jpg,1
Ecklonia_Tasmania201006_745.jpg,1
Ecklonia_Tasmania201006_746.jpg,1
Ecklonia_Tasmania201006_747.jpg,1
Ecklonia_Tasmania201006_748.jpg,1
Ecklonia_Tasmania201006_749.jpg,1
Ecklonia_Tasmania201006_750.jpg,1
Others_Tasmania201006_751.jpg,0
Others_Tasmania201006_752.jpg,0
Others_Tasmania201006_753.jpg,0
Others_Tasmania201006_754.jpg,0
Others_Tasmania201006_755.jpg,0
Others_Tasmania201006_756.jpg,0
Others_Tasmania201006_757.jpg,0
Others_Tasmania201006_758.jpg,0
Others_Tasmania201006_759.jpg,0
Others_Tasmania201006_760.jpg,0
Others_Tasmania201006_761.jpg,0
Others_Tasmania201006_762.jpg,0
Others_Tasmania201006_763.jpg,0
Others_Tasmania201006_764.jpg,0
Others_Tasmania201006_765.jpg,0
Others_Tasmania201006_766.jpg,0
Others_Tasmania201006_767.jpg,0
Ecklonia_Tasmania201006_768.jpg,1
Others_Tasmania201006_769.jpg,0
Ecklonia_Tasmania201006_770.jpg,1
Others_Tasmania201006_771.jpg,0
Others_Tasmania201006_772.jpg,0
Others_Tasmania201006_773.jpg,0
Others_Tasmania201006_774.jpg,0
Others_Tasmania201006_775.jpg,0
Others_Tasmania201006_776.jpg,0
Others_Tasmania201006_777.jpg,0
Others_Tasmania201006_778.jpg,0
Others_Tasmania201006_779.jpg,0
Others_Tasmania201006_780.jpg,0
Ecklonia_Tasmania201006_781.jpg,1
Ecklonia_Tasmania201006_782.jpg,1
Ecklonia_Tasmania201006_783.jpg,1
Ecklonia_Tasmania201006_784.jpg,1
Ecklonia_Tasmania201006_785.jpg,1
Ecklonia_Tasmania201006_786.jpg,1
Others_Tasmania201006_787.jpg,0
Ecklonia_Tasmania201006_788.jpg,1
Others_Tasmania201006_789.jpg,0
Others_Tasmania201006_790.jpg,0
Others_Tasmania201006_791.jpg,0
Others_Tasmania201006_792.jpg,0
Others_Tasmania201006_793.jpg,0
Others_Tasmania201006_794.jpg,0
Others_Tasmania201006_795.jpg,0
Others_Tasmania201006_796.jpg,0
Others_Tasmania201006_797.jpg,0
Others_Tasmania201006_798.jpg,0
Others_Tasmania201006_799.jpg,0
Others_Tasmania201006_800.jpg,0
Ecklonia_Tasmania201006_801.jpg,1
Others_Tasmania201006_802.jpg,0
Others_Tasmania201006_803.jpg,0
Others_Tasmania201006_804.jpg,0
Others_Tasmania201006_805.jpg,0
Others_Tasmania201006_806.jpg,0
Others_Tasmania201006_807.jpg,0
Others_Tasmania201006_808.jpg,0
Others_Tasmania201006_809.jpg,0
Ecklonia_Tasmania201006_810.jpg,1
Others_Tasmania201006_811.jpg,0
Ecklonia_Tasmania201006_812.jpg,1
Others_Tasmania201006_813.jpg,0
Ecklonia_Tasmania201006_814.jpg,1
Others_Tasmania201006_815.jpg,0
Ecklonia_Tasmania201006_816.jpg,1
Ecklonia_Tasmania201006_817.jpg,1
Ecklonia_Tasmania201006_818.jpg,1
Others_Tasmania201006_819.jpg,0
Others_Tasmania201006_820.jpg,0
Ecklonia_Tasmania201006_821.jpg,1
Others_Tasmania201006_822.jpg,0
Others_Tasmania201006_823.jpg,0
Others_Tasmania201006_824.jpg,0
Others_Tasmania201006_825.jpg,0
Others_Tasmania201006_826.jpg,0
Others_Tasmania201006_827.jpg,0
Others_Tasmania201006_828.jpg,0
Others_Tasmania201006_829.jpg,0
Others_Tasmania201006_830.jpg,0
Others_Tasmania201006_831.jpg,0
Others_Tasmania201006_832.jpg,0
Others_Tasmania201006_833.jpg,0
Others_Tasmania201006_834.jpg,0
Others_Tasmania201006_835.jpg,0
Others_Tasmania201006_836.jpg,0
Others_Tasmania201006_837.jpg,0
Ecklonia_Tasmania201006_838.jpg,1
Ecklonia_Tasmania201006_839.jpg,1
Ecklonia_Tasmania201006_840.jpg,1
Ecklonia_Tasmania201006_841.jpg,1
Ecklonia_Tasmania201006_842.jpg,1
Ecklonia_Tasmania201006_843.jpg,1
Ecklonia_Tasmania201006_844.jpg,1
Ecklonia_Tasmania201006_845.jpg,1
Others_Tasmania201006_846.jpg,0
Others_Tasmania201006_847.jpg,0
Others_Tasmania201006_848.jpg,0
Others_Tasmania201006_849.jpg,0
Others_Tasmania201006_850.jpg,0
Others_Tasmania201006_851.jpg,0
Others_Tasmania201006_852.jpg,0
Others_Tasmania201006_853.jpg,0
Others_Tasmania201006_854.jpg,0
Others_Tasmania201006_855.jpg,0
Others_Tasmania201006_856.jpg,0
Others_Tasmania201006_857.jpg,0
Others_Tasmania201006_858.jpg,0
Others_Tasmania201006_859.jpg,0
Others_Tasmania201006_860.jpg,0
Others_Tasmania201006_861.jpg,0
Others_Tasmania201006_862.jpg,0
Others_Tasmania201006_863.jpg,0
Others_Tasmania201006_864.jpg,0
Others_Tasmania201006_865.jpg,0
Others_Tasmania201006_866.jpg,0
Others_Tasmania201006_867.jpg,0
Others_Tasmania201006_868.jpg,0
Others_Tasmania201006_869.jpg,0
Others_Tasmania201006_870.jpg,0
Ecklonia_Tasmania201006_871.jpg,1
Others_Tasmania201006_872.jpg,0
Others_Tasmania201006_873.jpg,0
Others_Tasmania201006_874.jpg,0
Others_Tasmania201006_875.jpg,0
Others_Tasmania201006_876.jpg,0
Others_Tasmania201006_877.jpg,0
Others_Tasmania201006_878.jpg,0
Others_Tasmania201006_879.jpg,0
Ecklonia_Tasmania201006_880.jpg,1
Others_Tasmania201006_881.jpg,0
Ecklonia_Tasmania201006_882.jpg,1
Ecklonia_Tasmania201006_883.jpg,1
Ecklonia_Tasmania201006_884.jpg,1
Ecklonia_Tasmania201006_885.jpg,1
Ecklonia_Tasmania201006_886.jpg,1
Ecklonia_Tasmania201006_887.jpg,1
Ecklonia_Tasmania201006_888.jpg,1
Ecklonia_Tasmania201006_889.jpg,1
Others_Tasmania201006_890.jpg,0
Ecklonia_Tasmania201006_891.jpg,1
Ecklonia_Tasmania201006_892.jpg,1
Ecklonia_Tasmania201006_893.jpg,1
Others_Tasmania201006_894.jpg,0
Ecklonia_Tasmania201006_895.jpg,1
Ecklonia_Tasmania201006_896.jpg,1
Others_Tasmania201006_897.jpg,0
Others_Tasmania201006_898.jpg,0
Others_Tasmania201006_899.jpg,0
Others_Tasmania201006_900.jpg,0
Others_Tasmania201006_901.jpg,0
Others_Tasmania201006_902.jpg,0
Others_Tasmania201006_903.jpg,0
Others_Tasmania201006_904.jpg,0
Others_Tasmania201006_905.jpg,0
Others_Tasmania201006_906.jpg,0
Others_Tasmania201006_907.jpg,0
Others_Tasmania201006_908.jpg,0
Others_Tasmania201006_909.jpg,0
Others_Tasmania201006_910.jpg,0
Others_Tasmania201006_911.jpg,0
Others_Tasmania201006_912.jpg,0
Others_Tasmania201006_913.jpg,0
Others_Tasmania201006_914.jpg,0
Others_Tasmania201006_915.jpg,0
Others_Tasmania201006_916.jpg,0
Others_Tasmania201006_917.jpg,0
Others_Tasmania201006_918.jpg,0
Others_Tasmania201006_919.jpg,0
Others_Tasmania201006_920.jpg,0
Others_Tasmania201006_921.jpg,0
Others_Tasmania201006_922.jpg,0
Others_Tasmania201006_923.jpg,0
Others_Tasmania201006_924.jpg,0
Others_Tasmania201006_925.jpg,0
Others_Tasmania201006_926.jpg,0
Others_Tasmania201006_927.jpg,0
Ecklonia_Tasmania201006_928.jpg,1
Ecklonia_Tasmania201006_929.jpg,1
Others_Tasmania201006_930.jpg,0
Ecklonia_Tasmania201006_931.jpg,1
Ecklonia_Tasmania201006_932.jpg,1
Ecklonia_Tasmania201006_933.jpg,1
Ecklonia_Tasmania201006_934.jpg,1
Ecklonia_Tasmania201006_935.jpg,1
Ecklonia_Tasmania201006_936.jpg,1
Ecklonia_Tasmania201006_937.jpg,1
Others_Tasmania201006_938.jpg,0
Ecklonia_Tasmania201006_939.jpg,1
Ecklonia_Tasmania201006_940.jpg,1
Others_Tasmania201006_941.jpg,0
Others_Tasmania201006_942.jpg,0
Others_Tasmania201006_943.jpg,0
Others_Tasmania201006_944.jpg,0
Others_Tasmania201006_945.jpg,0
Others_Tasmania201006_946.jpg,0
Others_Tasmania201006_947.jpg,0
Others_Tasmania201006_948.jpg,0
Others_Tasmania201006_949.jpg,0
Others_Tasmania201006_950.jpg,0
Others_Tasmania201006_951.jpg,0
Others_Tasmania201006_952.jpg,0
Others_Tasmania201006_953.jpg,0
Others_Tasmania201006_954.jpg,0
Others_Tasmania201006_955.jpg,0
Others_Tasmania201006_956.jpg,0
Others_Tasmania201006_957.jpg,0
Others_Tasmania201006_958.jpg,0
Others_Tasmania201006_959.jpg,0
Others_Tasmania201006_960.jpg,0
Others_Tasmania201006_961.jpg,0
Others_Tasmania201006_962.jpg,0
Others_Tasmania201006_963.jpg,0
Others_Tasmania201006_964.jpg,0
Others_Tasmania201006_965.jpg,0
Ecklonia_Tasmania201006_966.jpg,1
Others_Tasmania201006_967.jpg,0
Others_Tasmania201006_968.jpg,0
Ecklonia_Tasmania201006_969.jpg,1
Ecklonia_Tasmania201006_970.jpg,1
Ecklonia_Tasmania201006_971.jpg,1
Ecklonia_Tasmania201006_972.jpg,1
Ecklonia_Tasmania201006_973.jpg,1
Others_Tasmania201006_974.jpg,0
Others_Tasmania201006_975.jpg,0
Others_Tasmania201006_976.jpg,0
Others_Tasmania201006_977.jpg,0
Others_Tasmania201006_978.jpg,0
Others_Tasmania201006_979.jpg,0
Others_Tasmania201006_980.jpg,0
Others_Tasmania201006_981.jpg,0
Others_Tasmania201006_982.jpg,0
Others_Tasmania201006_983.jpg,0
Others_Tasmania201006_984.jpg,0
Others_Tasmania201006_985.jpg,0
Others_Tasmania201006_986.jpg,0
Others_Tasmania201006_987.jpg,0
Others_Tasmania201006_988.jpg,0
Others_Tasmania201006_989.jpg,0
Others_Tasmania201006_990.jpg,0
Others_Tasmania201006_991.jpg,0
Others_Tasmania201006_992.jpg,0
Others_Tasmania201006_993.jpg,0
Others_Tasmania201006_994.jpg,0
Others_Tasmania201006_995.jpg,0
Others_Tasmania201006_996.jpg,0
Others_Tasmania201006_997.jpg,0
Others_Tasmania201006_998.jpg,0
Ecklonia_Tasmania201006_999.jpg,1
Ecklonia_Tasmania201006_1000.jpg,1
Ecklonia_Tasmania201006_1001.jpg,1
Ecklonia_Tasmania201006_1002.jpg,1
Ecklonia_Tasmania201006_1003.jpg,1
Ecklonia_Tasmania201006_1004.jpg,1
Ecklonia_Tasmania201006_1005.jpg,1
Others_Tasmania201006_1006.jpg,0
Ecklonia_Tasmania201006_1007.jpg,1
Ecklonia_Tasmania201006_1008.jpg,1
Ecklonia_Tasmania201006_1009.jpg,1
Ecklonia_Tasmania201006_1010.jpg,1
Ecklonia_Tasmania201006_1011.jpg,1
Others_Tasmania201006_1012.jpg,0
Ecklonia_Tasmania201006_1013.jpg,1
Ecklonia_Tasmania201006_1014.jpg,1
Others_Tasmania201006_1015.jpg,0
Ecklonia_Tasmania201006_1016.jpg,1
Others_Tasmania201006_1017.jpg,0
Others_Tasmania201006_1018.jpg,0
Others_Tasmania201006_1019.jpg,0
Others_Tasmania201006_1020.jpg,0
Others_Tasmania201006_1021.jpg,0
Others_Tasmania201006_1022.jpg,0
Others_Tasmania201006_1023.jpg,0
Others_Tasmania201006_1024.jpg,0
Others_Tasmania201006_1025.jpg,0
Others_Tasmania201006_1026.jpg,0
Others_Tasmania201006_1027.jpg,0
Others_Tasmania201006_1028.jpg,0
Others_Tasmania201006_1029.jpg,0
Others_Tasmania201006_1030.jpg,0
Others_Tasmania201006_1031.jpg,0
Others_Tasmania201006_1032.jpg,0
Others_Tasmania201006_1033.jpg,0
Others_Tasmania201006_1034.jpg,0
Others_Tasmania201006_1035.jpg,0
Others_Tasmania201006_1036.jpg,0
Others_Tasmania201006_1037.jpg,0
Others_Tasmania201006_1038.jpg,0
Others_Tasmania201006_1039.jpg,0
Others_Tasmania201006_1040.jpg,0
Others_Tasmania201006_1041.jpg,0
Others_Tasmania201006_1042.jpg,0
Others_Tasmania201006_1043.jpg,0
Others_Tasmania201006_1044.jpg,0
Others_Tasmania201006_1045.jpg,0
Others_Tasmania201006_1046.jpg,0
Others_Tasmania201006_1047.jpg,0
Ecklonia_Tasmania201006_1048.jpg,1
Others_Tasmania201006_1049.jpg,0
Ecklonia_Tasmania201006_1050.jpg,1
Ecklonia_Tasmania201006_1051.jpg,1
Others_Tasmania201006_1052.jpg,0
Ecklonia_Tasmania201006_1053.jpg,1
Ecklonia_Tasmania201006_1054.jpg,1
Ecklonia_Tasmania201006_1055.jpg,1
Others_Tasmania201006_1056.jpg,0
Others_Tasmania201006_1057.jpg,0
Others_Tasmania201006_1058.jpg,0
Ecklonia_Tasmania201006_1059.jpg,1
Others_Tasmania201006_1060.jpg,0
Others_Tasmania201006_1061.jpg,0
Others_Tasmania201006_1062.jpg,0
Others_Tasmania201006_1063.jpg,0
Others_Tasmania201006_1064.jpg,0
Others_Tasmania201006_1065.jpg,0
Others_Tasmania201006_1066.jpg,0
Others_Tasmania201006_1067.jpg,0
Others_Tasmania201006_1068.jpg,0
Others_Tasmania201006_1069.jpg,0
Others_Tasmania201006_1070.jpg,0
Others_Tasmania201006_1071.jpg,0
Others_Tasmania201006_1072.jpg,0
Others_Tasmania201006_1073.jpg,0
Others_Tasmania201006_1074.jpg,0
Others_Tasmania201006_1075.jpg,0
Others_Tasmania201006_1076.jpg,0
Others_Tasmania201006_1077.jpg,0
Others_Tasmania201006_1078.jpg,0
Others_Tasmania201006_1079.jpg,0
Others_Tasmania201006_1080.jpg,0
Others_Tasmania201006_1081.jpg,0
Others_Tasmania201006_1082.jpg,0
Others_Tasmania201006_1083.jpg,0
Others_Tasmania201006_1084.jpg,0
Ecklonia_Tasmania201006_1085.jpg,1
Others_Tasmania201006_1086.jpg,0
Others_Tasmania201006_1087.jpg,0
Others_Tasmania201006_1088.jpg,0
Others_Tasmania201006_1089.jpg,0
Others_Tasmania201006_1090.jpg,0
Ecklonia_Tasmania201006_1091.jpg,1
Ecklonia_Tasmania201006_1092.jpg,1
Ecklonia_Tasmania201006_1093.jpg,1
Others_Tasmania201006_1094.jpg,0
Others_Tasmania201006_1095.jpg,0
Others_Tasmania201006_1096.jpg,0
Others_Tasmania201006_1097.jpg,0
Others_Tasmania201006_1098.jpg,0
Others_Tasmania201006_1099.jpg,0
Others_Tasmania201006_1100.jpg,0
Others_Tasmania201006_1101.jpg,0
Others_Tasmania201006_1102.jpg,0
Others_Tasmania201006_1103.jpg,0
Others_Tasmania201006_1104.jpg,0
Others_Tasmania201006_1105.jpg,0
Others_Tasmania201006_1106.jpg,0
Ecklonia_Tasmania201006_1107.jpg,1
Others_Tasmania201006_1108.jpg,0
Others_Tasmania201006_1109.jpg,0
Others_Tasmania201006_1110.jpg,0
Ecklonia_Tasmania201006_1111.jpg,1
Ecklonia_Tasmania201006_1112.jpg,1
Others_Tasmania201006_1113.jpg,0
Ecklonia_Tasmania201006_1114.jpg,1
Ecklonia_Tasmania201006_1115.jpg,1
Ecklonia_Tasmania201006_1116.jpg,1
Others_Tasmania201006_1117.jpg,0
Others_Tasmania201006_1118.jpg,0
Others_Tasmania201006_1119.jpg,0
Others_Tasmania201006_1120.jpg,0
Others_Tasmania201006_1121.jpg,0
Others_Tasmania201006_1122.jpg,0
Others_Tasmania201006_1123.jpg,0
Others_Tasmania201006_1124.jpg,0
Others_Tasmania201006_1125.jpg,0
Ecklonia_Tasmania201006_1126.jpg,1
Ecklonia_Tasmania201006_1127.jpg,1
Others_Tasmania201006_1128.jpg,0
Others_Tasmania201006_1129.jpg,0
Others_Tasmania201006_1130.jpg,0
Others_Tasmania201006_1131.jpg,0
Others_Tasmania201006_1132.jpg,0
Ecklonia_Tasmania201006_1133.jpg,1
Others_Tasmania201006_1134.jpg,0
Others_Tasmania201006_1135.jpg,0
Ecklonia_Tasmania201006_1136.jpg,1
Others_Tasmania201006_1137.jpg,0
Others_Tasmania201006_1138.jpg,0
Others_Tasmania201006_1139.jpg,0
Others_Tasmania201006_1140.jpg,0
Others_Tasmania201006_1141.jpg,0
Others_Tasmania201006_1142.jpg,0
Others_Tasmania201006_1143.jpg,0
Others_Tasmania201006_1144.jpg,0
Others_Tasmania201006_1145.jpg,0
Others_Tasmania201006_1146.jpg,0
Others_Tasmania201006_1147.jpg,0
Others_Tasmania201006_1148.jpg,0
Others_Tasmania201006_1149.jpg,0
Others_Tasmania201006_1150.jpg,0
Others_Tasmania201006_1151.jpg,0
Others_Tasmania201006_1152.jpg,0
Others_Tasmania201006_1153.jpg,0
Others_Tasmania201006_1154.jpg,0
Others_Tasmania201006_1155.jpg,0
Others_Tasmania201006_1156.jpg,0
Others_Tasmania201006_1157.jpg,0
Others_Tasmania201006_1158.jpg,0
Others_Tasmania201006_1159.jpg,0
Others_Tasmania201006_1160.jpg,0
Others_Tasmania201006_1161.jpg,0
Others_Tasmania201006_1162.jpg,0
Ecklonia_Tasmania201006_1163.jpg,1
Others_Tasmania201006_1164.jpg,0
Others_Tasmania201006_1165.jpg,0
Others_Tasmania201006_1166.jpg,0
Others_Tasmania201006_1167.jpg,0
Ecklonia_Tasmania201006_1168.jpg,1
Others_Tasmania201006_1169.jpg,0
Others_Tasmania201006_1170.jpg,0
Others_Tasmania201006_1171.jpg,0
Others_Tasmania201006_1172.jpg,0
Ecklonia_Tasmania201006_1173.jpg,1
Others_Tasmania201006_1174.jpg,0
Ecklonia_Tasmania201006_1175.jpg,1
Ecklonia_Tasmania201006_1176.jpg,1
Ecklonia_Tasmania201006_1177.jpg,1
Ecklonia_Tasmania201006_1178.jpg,1
Others_Tasmania201006_1179.jpg,0
Others_Tasmania201006_1180.jpg,0
Others_Tasmania201006_1181.jpg,0
Others_Tasmania201006_1182.jpg,0
Others_Tasmania201006_1183.jpg,0
Others_Tasmania201006_1184.jpg,0
Others_Tasmania201006_1185.jpg,0
Others_Tasmania201006_1186.jpg,0
Others_Tasmania201006_1187.jpg,0
Others_Tasmania201006_1188.jpg,0
Others_Tasmania201006_1189.jpg,0
Others_Tasmania201006_1190.jpg,0
Ecklonia_Tasmania201006_1191.jpg,1
Others_Tasmania201006_1192.jpg,0
Others_Tasmania201006_1193.jpg,0
Ecklonia_Tasmania201006_1194.jpg,1
Ecklonia_Tasmania201006_1195.jpg,1
Others_Tasmania201006_1196.jpg,0
Others_Tasmania201006_1197.jpg,0
Others_Tasmania201006_1198.jpg,0
Ecklonia_Tasmania201006_1199.jpg,1
Others_Tasmania201006_1200.jpg,0
Ecklonia_Tasmania201006_1201.jpg,1
Others_Tasmania201006_1202.jpg,0
Ecklonia_Tasmania201006_1203.jpg,1
Others_Tasmania201006_1204.jpg,0
Others_Tasmania201006_1205.jpg,0
Others_Tasmania201006_1206.jpg,0
Others_Tasmania201006_1207.jpg,0
Others_Tasmania201006_1208.jpg,0
Others_Tasmania201006_1209.jpg,0
Others_Tasmania201006_1210.jpg,0
Others_Tasmania201006_1211.jpg,0
Others_Tasmania201006_1212.jpg,0
Others_Tasmania201006_1213.jpg,0
Others_Tasmania201006_1214.jpg,0
Ecklonia_Tasmania201006_1215.jpg,1
Others_Tasmania201006_1216.jpg,0
Others_Tasmania201006_1217.jpg,0
Others_Tasmania201006_1218.jpg,0
Ecklonia_Tasmania201006_1219.jpg,1
Others_Tasmania201006_1220.jpg,0
Others_Tasmania201006_1221.jpg,0
Others_Tasmania201006_1222.jpg,0
Others_Tasmania201006_1223.jpg,0
Others_Tasmania201006_1224.jpg,0
Others_Tasmania201006_1225.jpg,0
Others_Tasmania201006_1226.jpg,0
Ecklonia_Tasmania201006_1227.jpg,1
Others_Tasmania201006_1228.jpg,0
Others_Tasmania201006_1229.jpg,0
Ecklonia_Tasmania201006_1230.jpg,1
Others_Tasmania201006_1231.jpg,0
Others_Tasmania201006_1232.jpg,0
Others_Tasmania201006_1233.jpg,0
Others_Tasmania201006_1234.jpg,0
Others_Tasmania201006_1235.jpg,0
Others_Tasmania201006_1236.jpg,0
Others_Tasmania201006_1237.jpg,0
Others_Tasmania201006_1238.jpg,0
Others_Tasmania201006_1239.jpg,0
Others_Tasmania201006_1240.jpg,0
Others_Tasmania201006_1241.jpg,0
Ecklonia_Tasmania201006_1242.jpg,1
Ecklonia_Tasmania201006_1243.jpg,1
Others_Tasmania201006_1244.jpg,0
Others_Tasmania201006_1245.jpg,0
Others_Tasmania201006_1246.jpg,0
Ecklonia_Tasmania201006_1247.jpg,1
Others_Tasmania201006_1248.jpg,0
Others_Tasmania201006_1249.jpg,0
Others_Tasmania201006_1250.jpg,0
Others_Tasmania201006_1251.jpg,0
Ecklonia_Tasmania201006_1252.jpg,1
Others_Tasmania201006_1253.jpg,0
Others_Tasmania201006_1254.jpg,0
Others_Tasmania201006_1255.jpg,0
Others_Tasmania201006_1256.jpg,0
Ecklonia_Tasmania201006_1257.jpg,1
Ecklonia_Tasmania201006_1258.jpg,1
Ecklonia_Tasmania201006_1259.jpg,1
Others_Tasmania201006_1260.jpg,0
Others_Tasmania201006_1261.jpg,0
Others_Tasmania201006_1262.jpg,0
Others_Tasmania201006_1263.jpg,0
Others_Tasmania201006_1264.jpg,0
Others_Tasmania201006_1265.jpg,0
Others_Tasmania201006_1266.jpg,0
Others_Tasmania201006_1267.jpg,0
Ecklonia_Tasmania201006_1268.jpg,1
Ecklonia_Tasmania201006_1269.jpg,1
Others_Tasmania201006_1270.jpg,0
Others_Tasmania201006_1271.jpg,0
Others_Tasmania201006_1272.jpg,0
Others_Tasmania201006_1273.jpg,0
Others_Tasmania201006_1274.jpg,0
Ecklonia_Tasmania201006_1275.jpg,1
Ecklonia_Tasmania201006_1276.jpg,1
Ecklonia_Tasmania201006_1277.jpg,1
Ecklonia_Tasmania201006_1278.jpg,1
Others_Tasmania201006_1279.jpg,0
Ecklonia_Tasmania201006_1280.jpg,1
Others_Tasmania201006_1281.jpg,0
Others_Tasmania201006_1282.jpg,0
Others_Tasmania201006_1283.jpg,0
Others_Tasmania201006_1284.jpg,0
Ecklonia_Tasmania201006_1285.jpg,1
Others_Tasmania201006_1286.jpg,0
Others_Tasmania201006_1287.jpg,0
Others_Tasmania201006_1288.jpg,0
Others_Tasmania201006_1289.jpg,0
Ecklonia_Tasmania201006_1290.jpg,1
Others_Tasmania201006_1291.jpg,0
Others_Tasmania201006_1292.jpg,0
Others_Tasmania201006_1293.jpg,0
Others_Tasmania201006_1294.jpg,0
Others_Tasmania201006_1295.jpg,0
Others_Tasmania201006_1296.jpg,0
Others_Tasmania201006_1297.jpg,0
Others_Tasmania201006_1298.jpg,0
Others_Tasmania201006_1299.jpg,0
Others_Tasmania201006_1300.jpg,0
Ecklonia_Tasmania201006_1301.jpg,1
Others_Tasmania201006_1302.jpg,0
Others_Tasmania201006_1303.jpg,0
Ecklonia_Tasmania201006_1304.jpg,1
Ecklonia_Tasmania201006_1305.jpg,1
Ecklonia_Tasmania201006_1306.jpg,1
Ecklonia_Tasmania201006_1307.jpg,1
Others_Tasmania201006_1308.jpg,0
Others_Tasmania201006_1309.jpg,0
Others_Tasmania201006_1310.jpg,0
Others_Tasmania201006_1311.jpg,0
Others_Tasmania201006_1312.jpg,0
Others_Tasmania201006_1313.jpg,0
Others_Tasmania201006_1314.jpg,0
Others_Tasmania201006_1315.jpg,0
Others_Tasmania201006_1316.jpg,0
Others_Tasmania201006_1317.jpg,0
Others_Tasmania201006_1318.jpg,0
Others_Tasmania201006_1319.jpg,0
Others_Tasmania201006_1320.jpg,0
Ecklonia_Tasmania201006_1321.jpg,1
Others_Tasmania201006_1322.jpg,0
Others_Tasmania201006_1323.jpg,0
Others_Tasmania201006_1324.jpg,0
Others_Tasmania201006_1325.jpg,0
Others_Tasmania201006_1326.jpg,0
Others_Tasmania201006_1327.jpg,0
Ecklonia_Tasmania201006_1328.jpg,1
Ecklonia_Tasmania201006_1329.jpg,1
Ecklonia_Tasmania201006_1330.jpg,1
Ecklonia_Tasmania201006_1331.jpg,1
Others_Tasmania201006_1332.jpg,0
Others_Tasmania201006_1333.jpg,0
Others_Tasmania201006_1334.jpg,0
Ecklonia_Tasmania201006_1335.jpg,1
Ecklonia_Tasmania201006_1336.jpg,1
Ecklonia_Tasmania201006_1337.jpg,1
Ecklonia_Tasmania201006_1338.jpg,1
Ecklonia_Tasmania201006_1339.jpg,1
Others_Tasmania201006_1340.jpg,0
Others_Tasmania201006_1341.jpg,0
Others_Tasmania201006_1342.jpg,0
Ecklonia_Tasmania201006_1343.jpg,1
Ecklonia_Tasmania201006_1344.jpg,1
Ecklonia_Tasmania201006_1345.jpg,1
Others_Tasmania201006_1346.jpg,0
Others_Tasmania201006_1347.jpg,0
Others_Tasmania201006_1348.jpg,0
Others_Tasmania201006_1349.jpg,0
Ecklonia_Tasmania201006_1350.jpg,1
Ecklonia_Tasmania201006_1351.jpg,1
Others_Tasmania201006_1352.jpg,0
Others_Tasmania201006_1353.jpg,0
Others_Tasmania201006_1354.jpg,0
Ecklonia_Tasmania201006_1355.jpg,1
Others_Tasmania201006_1356.jpg,0
Others_Tasmania201006_1357.jpg,0
Others_Tasmania201006_1358.jpg,0
Others_Tasmania201006_1359.jpg,0
Others_Tasmania201006_1360.jpg,0
Ecklonia_Tasmania201006_1361.jpg,1
Others_Tasmania201006_1362.jpg,0
Others_Tasmania201006_1363.jpg,0
Others_Tasmania201006_1364.jpg,0
Others_Tasmania201006_1365.jpg,0
Ecklonia_Tasmania201006_1366.jpg,1
Ecklonia_Tasmania201006_1367.jpg,1
Others_Tasmania201006_1368.jpg,0
Others_Tasmania201006_1369.jpg,0
Ecklonia_Tasmania201006_1370.jpg,1
Others_Tasmania201006_1371.jpg,0
Others_Tasmania201006_1372.jpg,0
Others_Tasmania201006_1373.jpg,0
Others_Tasmania201006_1374.jpg,0
Ecklonia_Tasmania201006_1375.jpg,1
Others_Tasmania201006_1376.jpg,0
Others_Tasmania201006_1377.jpg,0
Others_Tasmania201006_1378.jpg,0
Others_Tasmania201006_1379.jpg,0
Others_Tasmania201006_1380.jpg,0
Others_Tasmania201006_1381.jpg,0
Others_Tasmania201006_1382.jpg,0
Others_Tasmania201006_1383.jpg,0
Ecklonia_Tasmania201006_1384.jpg,1
Ecklonia_Tasmania201006_1385.jpg,1
Others_Tasmania201006_1386.jpg,0
Others_Tasmania201006_1387.jpg,0
Others_Tasmania201006_1388.jpg,0
Others_Tasmania201006_1389.jpg,0
Others_Tasmania201006_1390.jpg,0
Others_Tasmania201006_1391.jpg,0
Ecklonia_Tasmania201006_1392.jpg,1
Ecklonia_Tasmania201006_1393.jpg,1
Others_Tasmania201006_1394.jpg,0
Ecklonia_Tasmania201006_1395.jpg,1
Others_Tasmania201006_1396.jpg,0
Others_Tasmania201006_1397.jpg,0
Others_Tasmania201006_1398.jpg,0
Others_Tasmania201006_1399.jpg,0
Ecklonia_Tasmania201006_1400.jpg,1
Others_Tasmania201006_1401.jpg,0
Others_Tasmania201006_1402.jpg,0
Others_Tasmania201006_1403.jpg,0
Others_Tasmania201006_1404.jpg,0
Ecklonia_Tasmania201006_1405.jpg,1
Ecklonia_Tasmania201006_1406.jpg,1
Ecklonia_Tasmania201006_1407.jpg,1
Ecklonia_Tasmania201006_1408.jpg,1
Ecklonia_Tasmania201006_1409.jpg,1
Others_Tasmania201006_1410.jpg,0
Ecklonia_Tasmania201006_1411.jpg,1
Ecklonia_Tasmania201006_1412.jpg,1
Others_Tasmania201006_1413.jpg,0
Others_Tasmania201006_1414.jpg,0
Ecklonia_Tasmania201006_1415.jpg,1
Others_Tasmania201006_1416.jpg,0
Others_Tasmania201006_1417.jpg,0
Others_Tasmania201006_1418.jpg,0
Others_Tasmania201006_1419.jpg,0
Ecklonia_Tasmania201006_1420.jpg,1
Ecklonia_Tasmania201006_1421.jpg,1
Ecklonia_Tasmania201006_1422.jpg,1
Ecklonia_Tasmania201006_1423.jpg,1
Others_Tasmania201006_1424.jpg,0
Others_Tasmania201006_1425.jpg,0
Ecklonia_Tasmania201006_1426.jpg,1
Others_Tasmania201006_1427.jpg,0
Others_Tasmania201006_1428.jpg,0
Others_Tasmania201006_1429.jpg,0
Others_Tasmania201006_1430.jpg,0
Others_Tasmania201006_1431.jpg,0
Others_Tasmania201006_1432.jpg,0
Others_Tasmania201006_1433.jpg,0
Others_Tasmania201006_1434.jpg,0
Ecklonia_Tasmania201006_1435.jpg,1
Ecklonia_Tasmania201006_1436.jpg,1
Others_Tasmania201006_1437.jpg,0
Others_Tasmania201006_1438.jpg,0
Others_Tasmania201006_1439.jpg,0
Ecklonia_Tasmania201006_1440.jpg,1
Others_Tasmania201006_1441.jpg,0
Others_Tasmania201006_1442.jpg,0
Others_Tasmania201006_1443.jpg,0
Others_Tasmania201006_1444.jpg,0
Ecklonia_Tasmania201006_1445.jpg,1
Others_Tasmania201006_1446.jpg,0
Others_Tasmania201006_1447.jpg,0
Others_Tasmania201006_1448.jpg,0
Others_Tasmania201006_1449.jpg,0
Others_Tasmania201006_1450.jpg,0
Others_Tasmania201006_1451.jpg,0
Others_Tasmania201006_1452.jpg,0
Others_Tasmania201006_1453.jpg,0
Others_Tasmania201006_1454.jpg,0
Ecklonia_Tasmania201006_1455.jpg,1
Ecklonia_Tasmania201006_1456.jpg,1
Others_Tasmania201006_1457.jpg,0
Others_Tasmania201006_1458.jpg,0
Others_Tasmania201006_1459.jpg,0
Others_Tasmania201006_1460.jpg,0
Others_Tasmania201006_1461.jpg,0
Others_Tasmania201006_1462.jpg,0
Ecklonia_Tasmania201006_1463.jpg,1
Ecklonia_Tasmania201006_1464.jpg,1
Ecklonia_Tasmania201006_1465.jpg,1
Ecklonia_Tasmania201006_1466.jpg,1
Others_Tasmania201006_1467.jpg,0
Others_Tasmania201006_1468.jpg,0
Others_Tasmania201006_1469.jpg,0
Ecklonia_Tasmania201006_1470.jpg,1
Others_Tasmania201006_1471.jpg,0
Others_Tasmania201006_1472.jpg,0
Others_Tasmania201006_1473.jpg,0
Others_Tasmania201006_1474.jpg,0
Others_Tasmania201006_1475.jpg,0
Ecklonia_Tasmania201006_1476.jpg,1
Ecklonia_Tasmania201006_1477.jpg,1
Others_Tasmania201006_1478.jpg,0
Others_Tasmania201006_1479.jpg,0
Ecklonia_Tasmania201006_1480.jpg,1
Ecklonia_Tasmania201006_1481.jpg,1
Others_Tasmania201006_1482.jpg,0
Others_Tasmania201006_1483.jpg,0
Others_Tasmania201006_1484.jpg,0
Others_Tasmania201006_1485.jpg,0
Others_Tasmania201006_1486.jpg,0
Ecklonia_Tasmania201006_1487.jpg,1
Ecklonia_Tasmania201006_1488.jpg,1
Ecklonia_Tasmania201006_1489.jpg,1
Others_Tasmania201006_1490.jpg,0
Others_Tasmania201006_1491.jpg,0
Others_Tasmania201006_1492.jpg,0
Ecklonia_Tasmania201006_1493.jpg,1
Ecklonia_Tasmania201006_1494.jpg,1
Others_Tasmania201006_1495.jpg,0
Others_Tasmania201006_1496.jpg,0
Others_Tasmania201006_1497.jpg,0
Ecklonia_Tasmania201006_1498.jpg,1
Ecklonia_Tasmania201006_1499.jpg,1
